Type of Record,Time of Record,Name of Ghost,Equipped Camo,First Time on Screen,Number of Times on Screen,Total Screen Time in Seconds,Start Time of Current Sighting,Ghost Movement Speed,Ghost Rotation Speed,Ghost Is Rotating,Ghost ScaleWas Hit,Point of Contact,Ghost Position,Ghost Rotation,Player Position,Player Rotation,Game Start Time
Type of Record,Time of Record,Name of Ghost,Equipped Camo,First Time on Screen,Number of Times on Screen,Total Screen Time in Seconds,Start Time of Current Sighting,Ghost Movement Speed,Ghost Rotation Speed,Ghost Is Rotating,Ghost ScaleWas Hit,Point of Contact,Ghost Position,Ghost Rotation,Player Position,Player Rotation,Game Start Time
Type of Record,Time of Record,Name of Ghost,Equipped Camo,First Time on Screen,Number of Times on Screen,Total Screen Time in Seconds,Start Time of Current Sighting,Ghost Movement Speed,Ghost Rotation Speed,Ghost Is Rotating,Ghost ScaleWas Hit,Point of Contact,Ghost Position,Ghost Rotation,Player Position,Player Rotation,Game Start Time
Type of Record,Time of Record,Name of Ghost,Equipped Camo,First Time on Screen,Number of Times on Screen,Total Screen Time in Seconds,Start Time of Current Sighting,Ghost Movement Speed,Ghost Rotation Speed,Ghost Is Rotating,Ghost ScaleWas Hit,Point of Contact,Ghost Position,Ghost Rotation,Player Position,Player Rotation,Game Start Time
Type of Record,Time of Record,Name of Ghost,Equipped Camo,First Time on Screen,Number of Times on Screen,Total Screen Time in Seconds,Start Time of Current Sighting,Ghost Movement Speed,Ghost Rotation Speed,Ghost Is Rotating,Ghost ScaleWas Hit,Point of Contact,Ghost Position,Ghost Rotation,Player Position,Player Rotation,Game Start Time
Type of Record,Time of Record,Name of Ghost,Equipped Camo,First Time on Screen,Number of Times on Screen,Total Screen Time in Seconds,Start Time of Current Sighting,Ghost Movement Speed,Ghost Rotation Speed,Ghost Is Rotating,Ghost ScaleWas Hit,Point of Contact,Ghost Position,Ghost Rotation,Player Position,Player Rotation,Game Start Time
Type of Record,Time of Record,Name of Ghost,Equipped Camo,First Time on Screen,Number of Times on Screen,Total Screen Time in Seconds,Start Time of Current Sighting,Ghost Movement Speed,Ghost Rotation Speed,Ghost Is Rotating,Ghost ScaleWas Hit,Point of Contact,Ghost Position,Ghost Rotation,Player Position,Player Rotation,Game Start Time
Type of Record,Time of Record,Name of Ghost,Equipped Camo,First Time on Screen,Number of Times on Screen,Total Screen Time in Seconds,Start Time of Current Sighting,Ghost Movement Speed,Ghost Rotation Speed,Ghost Is Rotating,Ghost ScaleWas Hit,Point of Contact,Ghost Position,Ghost Rotation,Player Position,Player Rotation,Game Start Time
Type of Record,Time of Record,Name of Ghost,Equipped Camo,First Time on Screen,Number of Times on Screen,Total Screen Time in Seconds,Start Time of Current Sighting,Ghost Movement Speed,Ghost Rotation Speed,Ghost Is Rotating,Ghost ScaleWas Hit,Point of Contact,Ghost Position,Ghost Rotation,Player Position,Player Rotation,Game Start Time
Type of Record,Time of Record,Name of Ghost,Equipped Camo,First Time on Screen,Number of Times on Screen,Total Screen Time in Seconds,Start Time of Current Sighting,Ghost Movement Speed,Ghost Rotation Speed,Ghost Is Rotating,Ghost ScaleWas Hit,Point of Contact,Ghost Position,Ghost Rotation,Player Position,Player Rotation,Game Start Time
Type of Record,Time of Record,Name of Ghost,Equipped Camo,First Time on Screen,Number of Times on Screen,Total Screen Time in Seconds,Start Time of Current Sighting,Ghost Movement Speed,Ghost Rotation Speed,Ghost Is Rotating,Ghost ScaleWas Hit,Point of Contact,Ghost Position,Ghost Rotation,Player Position,Player Rotation,Game Start Time
Type of Record,Time of Record,Name of Ghost,Equipped Camo,First Time on Screen,Number of Times on Screen,Total Screen Time in Seconds,Start Time of Current Sighting,Ghost Movement Speed,Ghost Rotation Speed,Ghost Is Rotating,Ghost ScaleWas Hit,Point of Contact,Ghost Position,Ghost Rotation,Player Position,Player Rotation,Game Start Time
Type of Record,Time of Record,Name of Ghost,Equipped Camo,First Time on Screen,Number of Times on Screen,Total Screen Time in Seconds,Start Time of Current Sighting,Ghost Movement Speed,Ghost Rotation Speed,Ghost Is Rotating,Ghost ScaleWas Hit,Point of Contact,Ghost Position,Ghost Rotation,Player Position,Player Rotation,Game Start Time
Type of Record,Time of Record,Name of Ghost,Equipped Camo,First Time on Screen,Number of Times on Screen,Total Screen Time in Seconds,Start Time of Current Sighting,Ghost Movement Speed,Ghost Rotation Speed,Ghost Is Rotating,Ghost ScaleWas Hit,Point of Contact,Ghost Position,Ghost Rotation,Player Position,Player Rotation,Game Start Time
Type of Record,Time of Record,Name of Ghost,Equipped Camo,First Time on Screen,Number of Times on Screen,Total Screen Time in Seconds,Start Time of Current Sighting,Ghost Movement Speed,Ghost Rotation Speed,Ghost Is Rotating,Ghost ScaleWas Hit,Point of Contact,Ghost Position,Ghost Rotation,Player Position,Player Rotation,Game Start Time
Type of Record,Time of Record,Name of Ghost,Equipped Camo,First Time on Screen,Number of Times on Screen,Total Screen Time in Seconds,Start Time of Current Sighting,Ghost Movement Speed,Ghost Rotation Speed,Ghost Is Rotating,Ghost ScaleWas Hit,Point of Contact,Ghost Position,Ghost Rotation,Player Position,Player Rotation,Game Start Time
Type of Record,Time of Record,Name of Ghost,Equipped Camo,First Time on Screen,Number of Times on Screen,Total Screen Time in Seconds,Start Time of Current Sighting,Ghost Movement Speed,Ghost Rotation Speed,Ghost Is Rotating,Ghost ScaleWas Hit,Point of Contact,Ghost Position,Ghost Rotation,Player Position,Player Rotation,Game Start Time
Type of Record,Time of Record,Name of Ghost,Equipped Camo,First Time on Screen,Number of Times on Screen,Total Screen Time in Seconds,Start Time of Current Sighting,Ghost Movement Speed,Ghost Rotation Speed,Ghost Is Rotating,Ghost ScaleWas Hit,Point of Contact,Ghost Position,Ghost Rotation,Player Position,Player Rotation,Game Start Time
Type of Record,Time of Record,Name of Ghost,Equipped Camo,First Time on Screen,Number of Times on Screen,Total Screen Time in Seconds,Start Time of Current Sighting,Ghost Movement Speed,Ghost Rotation Speed,Ghost Is Rotating,Ghost ScaleWas Hit,Point of Contact,Ghost Position,Ghost Rotation,Player Position,Player Rotation,Game Start Time
Type of Record,Time of Record,Name of Ghost,Equipped Camo,First Time on Screen,Number of Times on Screen,Total Screen Time in Seconds,Start Time of Current Sighting,Ghost Movement Speed,Ghost Rotation Speed,Ghost Is Rotating,Ghost ScaleWas Hit,Point of Contact,Ghost Position,Ghost Rotation,Player Position,Player Rotation,Game Start Time
Type of Record,Time of Record,Name of Ghost,Equipped Camo,First Time on Screen,Number of Times on Screen,Total Screen Time in Seconds,Start Time of Current Sighting,Ghost Movement Speed,Ghost Rotation Speed,Ghost Is Rotating,Ghost ScaleWas Hit,Point of Contact,Ghost Position,Ghost Rotation,Player Position,Player Rotation,Game Start Time
Type of Record,Time of Record,Name of Ghost,Equipped Camo,First Time on Screen,Number of Times on Screen,Total Screen Time in Seconds,Start Time of Current Sighting,Ghost Movement Speed,Ghost Rotation Speed,Ghost Is Rotating,Ghost ScaleWas Hit,Point of Contact,Ghost Position,Ghost Rotation,Player Position,Player Rotation,Game Start Time
Type of Record,Time of Record,Name of Ghost,Equipped Camo,First Time on Screen,Number of Times on Screen,Total Screen Time in Seconds,Start Time of Current Sighting,Ghost Movement Speed,Ghost Rotation Speed,Ghost Is Rotating,Ghost ScaleWas Hit,Point of Contact,Ghost Position,Ghost Rotation,Player Position,Player Rotation,Game Start Time
AtSpawn,10:28:14,BrickWallGhost,BrickWallGhost_varyLum_goodMatch_sigma_2_repNum_5,10:28:10,1,3.479997,10:28:10,0.8,3.5,False,(0.01; 0.01; 0.01),False,(26.13; 1.47; -9.21),(26.06; 0.99; -8.97),(0.00000; -0.99917; 0.00000; 0.04074),(16.91; 1.46; -12.80),(-0.00077; 0.56455; 0.00053; 0.82540),10:27:48
AtCollision,10:28:14,BrickWallGhost,BrickWallGhost_varyLum_goodMatch_sigma_2_repNum_5,10:28:10,1,3.479997,10:28:10,0.8,3.5,False,(0.01; 0.01; 0.01),True,(25.77; 1.47; -9.37),(26.05; 1.10; -9.62),(0.00000; -0.99917; 0.00000; 0.04074),(16.90; 1.46; -12.79),(0.00015; 0.57792; -0.00011; 0.81609),10:27:48
AtSpawn,10:28:30,BrickWallGhost,BrickWallGhost_varyLum_goodMatch_sigma_20_repNum_4,10:28:22,1,8.780011,10:28:22,0.6,3.5,False,(0.01; 0.01; 0.01),False,(26.10; 1.94; -5.34),(26.09; 1.41; -5.68),(0.00000; -0.02936; 0.00000; 0.99957),(15.79; 1.43; -13.98),(-0.01723; 0.42283; 0.00804; 0.90601),10:27:48
AtCollision,10:28:32,BrickWallGhost,BrickWallGhost_varyLum_goodMatch_sigma_20_repNum_4,10:28:22,1,8.780011,10:28:22,0.6,3.5,False,(0.01; 0.01; 0.01),False,(26.32; 1.95; -5.15),(26.10; 1.44; -4.93),(0.00000; -0.02936; 0.00000; 0.99957),(15.78; 1.43; -13.97),(-0.01486; 0.43688; 0.00722; 0.89937),10:27:48
AtSpawn,10:28:33,BrickWallGhost,BrickWallGhost_varyLum_goodMatch_sigma_20_repNum_4,10:28:22,1,11.90008,10:28:22,0.6,3.5,False,(0.01; 0.01; 0.01),False,(26.11; 1.84; -5.54),(26.10; 1.41; -5.25),(0.00000; -0.99918; 0.00000; 0.04042),(15.78; 1.43; -13.98),(-0.01405; 0.42835; 0.00666; 0.90348),10:27:48
AtCollision,10:28:35,BrickWallGhost,BrickWallGhost_varyLum_goodMatch_sigma_20_repNum_4,10:28:22,1,11.90008,10:28:22,0.6,3.5,False,(0.01; 0.01; 0.01),True,(25.76; 1.83; -5.83),(26.09; 1.35; -5.94),(0.00000; -0.99918; 0.00000; 0.04042),(15.77; 1.43; -13.97),(-0.00686; 0.44168; 0.00338; 0.89714),10:27:48
AtSpawn,10:28:48,BrickWallGhost,dazzleGhost_repNum_1,10:28:42,1,6.299995,10:28:42,0.6,3.5,False,(0.01; 0.01; 0.01),False,(26.13; 1.59; -9.36),(26.06; 1.29; -8.61),(0.00000; -0.99921; 0.00000; 0.03975),(16.50; 1.41; -11.33),(-0.00688; 0.63235; 0.00562; 0.77463),10:27:48
AtCollision,10:28:49,BrickWallGhost,dazzleGhost_repNum_1,10:28:42,1,6.299995,10:28:42,0.6,3.5,False,(0.01; 0.01; 0.01),False,(26.48; 1.60; -9.28),(26.05; 1.27; -9.15),(0.00000; -0.99921; 0.00000; 0.03975),(16.50; 1.41; -11.33),(-0.00636; 0.63440; 0.00522; 0.77296),10:27:48
AtSpawn,10:28:51,BrickWallGhost,dazzleGhost_repNum_1,10:28:42,1,9.380025,10:28:42,0.6,3.5,True,(0.01; 0.01; 0.01),False,(26.14; 1.48; -10.86),(26.04; 1.22; -10.28),(0.00000; -0.52682; 0.00000; 0.84998),(16.49; 1.41; -11.27),(-0.00270; 0.69196; 0.00258; 0.72193),10:27:48
AtCollision,10:28:52,BrickWallGhost,dazzleGhost_repNum_1,10:28:42,1,9.380025,10:28:42,0.6,3.5,False,(0.01; 0.01; 0.01),False,(26.14; 1.48; -10.86),(26.04; 1.22; -10.25),(0.00000; -0.02955; 0.00000; 0.99956),(16.50; 1.41; -11.32),(-0.00943; 0.64575; 0.00797; 0.76345),10:27:48
AtSpawn,10:28:54,BrickWallGhost,dazzleGhost_repNum_1,10:28:42,1,12.5401,10:28:42,0.6,3.5,False,(0.01; 0.01; 0.01),False,(26.13; 1.77; -8.34),(26.06; 1.28; -8.86),(0.00000; -0.02955; 0.00000; 0.99956),(16.51; 1.41; -11.37),(-0.01411; 0.59142; 0.01035; 0.80618),10:27:48
AtCollision,10:28:55,BrickWallGhost,dazzleGhost_repNum_1,10:28:42,1,12.5401,10:28:42,0.6,3.5,False,(0.01; 0.01; 0.01),True,(25.70; 1.75; -8.49),(26.06; 1.30; -8.36),(0.00000; -0.02955; 0.00000; 0.99956),(16.51; 1.41; -11.36),(-0.00747; 0.59950; 0.00560; 0.80032),10:27:48
Type of Record,Time of Record,Name of Ghost,Equipped Camo,First Time on Screen,Number of Times on Screen,Total Screen Time in Seconds,Start Time of Current Sighting,Ghost Movement Speed,Ghost Rotation Speed,Ghost Is Rotating,Ghost ScaleWas Hit,Point of Contact,Ghost Position,Ghost Rotation,Player Position,Player Rotation,Game Start Time
Type of Record,Time of Record,Name of Ghost,Equipped Camo,First Time on Screen,Number of Times on Screen,Total Screen Time in Seconds,Start Time of Current Sighting,Ghost Movement Speed,Ghost Rotation Speed,Ghost Is Rotating,Ghost ScaleWas Hit,Point of Contact,Ghost Position,Ghost Rotation,Player Position,Player Rotation,Game Start Time
Type of Record,Time of Record,Name of Ghost,Equipped Camo,First Time on Screen,Number of Times on Screen,Total Screen Time in Seconds,Start Time of Current Sighting,Ghost Movement Speed,Ghost Rotation Speed,Ghost Is Rotating,Ghost ScaleWas Hit,Point of Contact,Ghost Position,Ghost Rotation,Player Position,Player Rotation,Game Start Time
AtSpawn,10:51:51,BrickWallGhost,BrickWallGhost_varyLum_goodMatch_sigma_30_repNum_2,10:51:47,1,3.139998,10:51:47,0.6,3.5,False,(0.01; 0.01; 0.01),False,(26.13; 1.79; -8.71),(26.06; 1.28; -8.94),(0.00000; -0.02943; 0.00000; 0.99957),(16.24; 1.39; -11.77),(-0.01527; 0.59332; 0.01126; 0.80474),10:51:28
AtCollision,10:51:52,BrickWallGhost,BrickWallGhost_varyLum_goodMatch_sigma_30_repNum_2,10:51:47,1,3.139998,10:51:47,0.6,3.5,False,(0.01; 0.01; 0.01),False,(26.14; 1.79; -8.71),(26.06; 1.30; -8.39),(0.00000; -0.02943; 0.00000; 0.99957),(16.24; 1.39; -11.77),(-0.01527; 0.59332; 0.01126; 0.80474),10:51:28
AtSpawn,10:51:54,BrickWallGhost,BrickWallGhost_varyLum_goodMatch_sigma_30_repNum_2,10:51:47,1,6.199995,10:51:47,0.6,3.5,False,(0.01; 0.01; 0.01),False,(26.11; 1.91; -6.76),(26.08; 1.35; -7.10),(0.00000; -0.02943; 0.00000; 0.99957),(16.27; 1.39; -11.84),(-0.01975; 0.52015; 0.01203; 0.85376),10:51:28
AtCollision,10:51:55,BrickWallGhost,BrickWallGhost_varyLum_goodMatch_sigma_30_repNum_2,10:51:47,1,6.199995,10:51:47,0.6,3.5,False,(0.01; 0.01; 0.01),False,(26.08; 1.91; -6.78),(26.08; 1.38; -6.51),(0.00000; -0.02943; 0.00000; 0.99957),(16.27; 1.39; -11.84),(-0.01975; 0.52015; 0.01203; 0.85376),10:51:28
AtSpawn,10:51:57,BrickWallGhost,BrickWallGhost_varyLum_goodMatch_sigma_30_repNum_2,10:51:47,1,9.540029,10:51:47,0.6,3.5,False,(0.01; 0.01; 0.01),True,(25.90; 1.95; -5.26),(26.10; 1.44; -5.10),(0.00000; -0.02943; 0.00000; 0.99957),(16.29; 1.39; -11.88),(-0.02122; 0.46509; 0.01115; 0.88494),10:51:28
AtCollision,10:51:58,BrickWallGhost,BrickWallGhost_varyLum_goodMatch_sigma_30_repNum_2,10:51:47,1,9.540029,10:51:47,0.6,3.5,True,(0.01; 0.01; 0.01),False,(26.10; 1.97; -5.12),(26.10; 1.45; -4.85),(0.00000; -0.98784; 0.00000; 0.15550),(16.29; 1.39; -11.88),(-0.01668; 0.46161; 0.00868; 0.88688),10:51:28
AtSpawn,10:52:0,BrickWallGhost,BrickWallGhost_varyLum_goodMatch_sigma_30_repNum_2,10:51:47,1,12.94011,10:51:47,0.6,3.5,False,(0.01; 0.01; 0.01),False,(26.11; 1.24; -6.12),(26.09; 1.03; -5.92),(0.00000; -0.99925; 0.00000; 0.03868),(16.28; 1.39; -11.85),(0.00602; 0.49820; -0.00346; 0.86704),10:51:28
AtCollision,10:52:1,BrickWallGhost,BrickWallGhost_varyLum_goodMatch_sigma_30_repNum_2,10:51:47,1,12.94011,10:51:47,0.6,3.5,False,(0.01; 0.01; 0.01),True,(25.71; 1.24; -6.37),(26.09; 0.81; -6.46),(0.00000; -0.99925; 0.00000; 0.03868),(16.28; 1.39; -11.85),(0.00823; 0.50087; -0.00476; 0.86547),10:51:28
AtSpawn,10:52:14,BrickWallGhost,BrickWallGhost_varyLum_goodMatch_sigma_20_repNum_3,10:52:12,1,2.039999,10:52:12,0.8,3.5,False,(0.01; 0.01; 0.01),False,(26.17; 2.00; -14.81),(26.01; 1.42; -15.24),(0.00000; -0.03006; 0.00000; 0.99955),(15.47; 1.40; -10.75),(-0.01485; 0.82273; 0.02152; 0.56783),10:51:28
AtCollision,10:52:15,BrickWallGhost,BrickWallGhost_varyLum_goodMatch_sigma_20_repNum_3,10:52:12,1,2.039999,10:52:12,0.8,3.5,False,(0.01; 0.01; 0.01),False,(26.20; 2.00; -14.82),(26.02; 1.35; -14.43),(0.00000; -0.03006; 0.00000; 0.99955),(15.47; 1.40; -10.76),(-0.01377; 0.82014; 0.01976; 0.57165),10:51:28
AtSpawn,10:52:17,BrickWallGhost,BrickWallGhost_varyLum_goodMatch_sigma_20_repNum_3,10:52:12,1,5.219996,10:52:12,0.8,3.5,False,(0.01; 0.01; 0.01),False,(26.15; 1.57; -12.08),(26.03; 1.18; -12.71),(0.00000; -0.03006; 0.00000; 0.99955),(15.45; 1.40; -10.85),(-0.00524; 0.74651; 0.00588; 0.66532),10:51:28
AtCollision,10:52:18,BrickWallGhost,BrickWallGhost_varyLum_goodMatch_sigma_20_repNum_3,10:52:12,1,5.219996,10:52:12,0.8,3.5,False,(0.01; 0.01; 0.01),True,(25.58; 1.56; -12.03),(26.04; 1.11; -11.99),(0.00000; -0.03006; 0.00000; 0.99955),(15.45; 1.40; -10.85),(-0.00510; 0.74623; 0.00572; 0.66565),10:51:28
Type of Record,Time of Record,Name of Ghost,Equipped Camo,First Time on Screen,Number of Times on Screen,Total Screen Time in Seconds,Start Time of Current Sighting,Ghost Movement Speed,Ghost Rotation Speed,Ghost Is Rotating,Ghost ScaleWas Hit,Point of Contact,Ghost Position,Ghost Rotation,Player Position,Player Rotation,Game Start Time
AtSpawn,10:53:19,BrickWallGhost,BrickWallGhost_varyLum_goodMatch_sigma_2_repNum_1,10:53:15,1,3.739997,10:53:15,0.8,3.5,False,(0.01; 0.01; 0.01),False,(26.16; 1.89; -13.09),(26.02; 1.39; -13.72),(0.00000; -0.03101; 0.00000; 0.99952),(16.40; 1.46; -13.69),(-0.01635; 0.68467; 0.01537; 0.72850),10:52:58
AtCollision,10:53:20,BrickWallGhost,BrickWallGhost_varyLum_goodMatch_sigma_2_repNum_1,10:53:15,1,3.739997,10:53:15,0.8,3.5,False,(0.01; 0.01; 0.01),True,(25.68; 1.87; -13.13),(26.02; 1.35; -13.07),(0.00000; -0.03101; 0.00000; 0.99952),(16.40; 1.46; -13.69),(-0.01635; 0.68467; 0.01537; 0.72850),10:52:58
AtSpawn,10:53:32,BrickWallGhost,BrickWallGhost_varyLum_goodMatch_sigma_30_repNum_5,10:53:27,1,4.699996,10:53:27,0.6,3.5,False,(0.01; 0.01; 0.01),False,(26.12; 1.64; -7.58),(26.08; 1.36; -7.01),(0.00000; -0.99921; 0.00000; 0.03974),(17.65; 1.43; -10.44),(-0.00956; 0.58336; 0.00686; 0.81213),10:52:58
AtCollision,10:53:33,BrickWallGhost,BrickWallGhost_varyLum_goodMatch_sigma_30_repNum_5,10:53:27,1,4.699996,10:53:27,0.6,3.5,False,(0.01; 0.01; 0.01),True,(26.19; 1.64; -7.56),(26.07; 1.34; -7.48),(0.00000; -0.99921; 0.00000; 0.03974),(17.65; 1.43; -10.44),(-0.00956; 0.58336; 0.00686; 0.81213),10:52:58
Type of Record,Time of Record,Name of Ghost,Equipped Camo,First Time on Screen,Number of Times on Screen,Total Screen Time in Seconds,Start Time of Current Sighting,Ghost Movement Speed,Ghost Rotation Speed,Ghost Is Rotating,Ghost ScaleWas Hit,Point of Contact,Ghost Position,Ghost Rotation,Player Position,Player Rotation,Game Start Time
AtSpawn,11:0:29,ServantQuartersGhost,ServantQuartersGhost_varyLum_goodMatch_sigma_15_repNum_1,11:0:26,1,2.479998,11:0:26,0.8,3.5,False,(0.01; 0.01; 0.01),False,(15.59; 3.79; -40.30),(15.88; 3.31; -40.40),(0.00000; -0.73133; 0.00000; 0.68202),(17.18; 1.28; -46.01),(-0.19757; -0.13267; -0.02700; 0.97089),10:55:35
AtCollision,11:0:29,ServantQuartersGhost,ServantQuartersGhost_varyLum_goodMatch_sigma_15_repNum_1,11:0:26,1,2.479998,11:0:26,0.8,3.5,False,(0.01; 0.01; 0.01),True,(15.72; 3.62; -40.69),(15.48; 3.31; -40.40),(0.00000; -0.73133; 0.00000; 0.68202),(17.18; 1.28; -46.01),(-0.19592; -0.13209; -0.02664; 0.97132),10:55:35
AtSpawn,11:0:37,ServantQuartersGhost,dazzleGhost_repNum_1,11:0:36,1,1.199999,11:0:36,0.8,3.5,False,(0.01; 0.01; 0.01),False,(16.06; 3.76; -40.30),(16.23; 3.31; -40.40),(0.00000; -0.73070; 0.00000; 0.68270),(17.09; 1.28; -46.28),(-0.19187; -0.08371; -0.01643; 0.97771),10:55:35
AtCollision,11:0:38,ServantQuartersGhost,dazzleGhost_repNum_1,11:0:36,1,1.199999,11:0:36,0.8,3.5,False,(0.01; 0.01; 0.01),True,(16.10; 3.67; -40.51),(15.81; 3.31; -40.40),(0.00000; -0.73070; 0.00000; 0.68270),(17.09; 1.28; -46.28),(-0.18164; -0.08917; -0.01654; 0.97917),10:55:35
AtSpawn,11:0:46,ServantQuartersGhost,ServantQuartersGhost_varyLum_goodMatch_sigma_15_repNum_1,11:0:45,1,1.479999,11:0:45,0.6,3.5,False,(0.01; 0.01; 0.01),False,(18.19; 4.49; -40.30),(18.00; 4.09; -40.40),(0.00000; -0.73102; 0.00000; -0.68236),(16.70; 1.28; -46.00),(-0.24460; 0.12353; 0.03143; 0.96121),10:55:35
AtCollision,11:0:47,ServantQuartersGhost,ServantQuartersGhost_varyLum_goodMatch_sigma_15_repNum_1,11:0:45,1,1.479999,11:0:45,0.6,3.5,False,(0.01; 0.01; 0.01),True,(18.11; 4.29; -40.66),(18.25; 3.89; -40.40),(0.00000; -0.73102; 0.00000; -0.68236),(16.69; 1.28; -46.00),(-0.20837; 0.13580; 0.02923; 0.96813),10:55:35
AtSpawn,11:0:58,ServantQuartersGhost,ServantQuartersGhost_varyLum_goodMatch_sigma_5_repNum_3,11:0:57,1,1.579999,11:0:57,0.6,3.5,False,(0.01; 0.01; 0.01),True,(17.22; 3.99; -40.38),(17.23; 3.94; -40.39),(0.00000; -0.73051; 0.00000; -0.68291),(15.82; 1.28; -45.52),(-0.23107; 0.12896; 0.03092; 0.96386),10:55:35
AtCollision,11:0:59,ServantQuartersGhost,ServantQuartersGhost_varyLum_goodMatch_sigma_5_repNum_3,11:0:57,1,1.579999,11:0:57,0.6,3.5,False,(0.01; 0.01; 0.01),True,(17.20; 3.96; -40.43),(17.51; 3.84; -40.39),(0.00000; -0.73051; 0.00000; -0.68291),(15.80; 1.28; -45.51),(-0.21799; 0.15267; 0.03455; 0.96332),10:55:35
AtSpawn,11:1:7,ServantQuartersGhost,ServantQuartersGhost_varyLum_goodMatch_sigma_5_repNum_3,11:1:5,1,1.679999,11:1:5,0.8,3.5,False,(0.01; 0.01; 0.01),False,(17.20; 3.81; -40.30),(16.69; 3.31; -40.40),(0.00000; -0.73006; 0.00000; -0.68338),(15.82; 1.28; -45.52),(-0.21545; 0.12621; 0.02809; 0.96792),10:55:35
AtCollision,11:1:7,ServantQuartersGhost,ServantQuartersGhost_varyLum_goodMatch_sigma_5_repNum_3,11:1:5,1,1.679999,11:1:5,0.8,3.5,False,(0.01; 0.01; 0.01),True,(17.16; 3.71; -40.51),(17.07; 3.31; -40.40),(0.00000; -0.73006; 0.00000; -0.68338),(15.82; 1.28; -45.52),(-0.21008; 0.12365; 0.02679; 0.96946),10:55:35
AtSpawn,11:1:19,ServantQuartersGhost,ServantQuartersGhost_varyLum_goodMatch_sigma_25_repNum_4,11:1:17,1,2.279999,11:1:17,0.8,3.5,False,(0.01; 0.01; 0.01),False,(18.55; 4.14; -40.30),(18.08; 4.02; -40.40),(0.00000; -0.72906; 0.00000; -0.68445),(15.85; 1.36; -47.02),(-0.17891; 0.18631; 0.03452; 0.96545),10:55:35
AtCollision,11:1:20,ServantQuartersGhost,ServantQuartersGhost_varyLum_goodMatch_sigma_25_repNum_4,11:1:17,1,2.279999,11:1:17,0.8,3.5,False,(0.01; 0.01; 0.01),True,(18.43; 4.01; -40.63),(18.47; 3.71; -40.40),(0.00000; -0.72906; 0.00000; -0.68445),(15.85; 1.36; -47.02),(-0.15726; 0.18852; 0.03060; 0.96891),10:55:35
AtSpawn,11:1:32,ServantQuartersGhost,dazzleGhost_repNum_1,11:1:30,1,1.459999,11:1:30,0.6,3.5,False,(0.01; 0.01; 0.01),False,(16.54; 3.75; -40.30),(16.22; 3.31; -40.40),(0.00000; -0.72849; 0.00000; -0.68506),(16.87; 1.29; -47.70),(-0.15998; -0.02224; -0.00361; 0.98686),10:55:35
AtCollision,11:1:32,ServantQuartersGhost,dazzleGhost_repNum_1,11:1:30,1,1.459999,11:1:30,0.6,3.5,False,(0.01; 0.01; 0.01),True,(16.57; 3.64; -40.62),(16.60; 3.31; -40.40),(0.00000; -0.72849; 0.00000; -0.68506),(16.87; 1.29; -47.70),(-0.15998; -0.02224; -0.00361; 0.98686),10:55:35
AtSpawn,11:1:40,ServantQuartersGhost,ServantQuartersGhost_varyLum_goodMatch_sigma_25_repNum_4,11:1:39,1,1.539999,11:1:39,0.6,3.5,False,(0.01; 0.01; 0.01),False,(18.53; 3.78; -40.30),(18.70; 3.30; -40.40),(0.00000; -0.73144; 0.00000; 0.68191),(16.19; 1.29; -47.33),(-0.15940; 0.15749; 0.02577; 0.97423),10:55:35
AtCollision,11:1:41,ServantQuartersGhost,ServantQuartersGhost_varyLum_goodMatch_sigma_25_repNum_4,11:1:39,1,1.539999,11:1:39,0.6,3.5,False,(0.01; 0.01; 0.01),True,(18.41; 3.63; -40.71),(18.32; 3.30; -40.40),(0.00000; -0.73144; 0.00000; 0.68191),(16.19; 1.29; -47.33),(-0.15833; 0.15135; 0.02457; 0.97541),10:55:35
AtSpawn,11:2:17,OuterGreenhouseGhost,OuterGreenhouseGhost_varyLum_goodMatch_sigma_2_repNum_4,11:2:13,1,3.359998,11:2:13,0.8,3.5,False,(0.01; 0.01; 0.01),True,(-5.67; 3.15; -45.42),(-6.04; 2.82; -45.32),(0.00000; 0.08601; 0.00000; 0.99629),(3.48; 1.37; -47.79),(0.07315; 0.60950; 0.05662; -0.78737),10:55:35
AtCollision,11:2:17,OuterGreenhouseGhost,OuterGreenhouseGhost_varyLum_goodMatch_sigma_2_repNum_4,11:2:13,1,3.359998,11:2:13,0.8,3.5,True,(0.01; 0.01; 0.01),True,(-6.12; 3.24; -45.32),(-6.04; 3.22; -45.28),(0.00000; 0.92882; 0.00000; 0.37052),(3.48; 1.37; -47.79),(0.07315; 0.60950; 0.05662; -0.78737),10:55:35
AtSpawn,11:2:17,OuterGreenhouseGhost,OuterGreenhouseGhost_varyLum_goodMatch_sigma_2_repNum_4,11:2:13,1,3.359998,11:2:13,0.8,3.5,False,(0.01; 0.01; 0.01),True,(-5.67; 3.15; -45.42),(-6.04; 2.82; -45.32),(0.00000; 0.08601; 0.00000; 0.99629),(3.48; 1.37; -47.79),(0.07315; 0.60950; 0.05662; -0.78737),10:55:35
AtCollision,11:2:17,OuterGreenhouseGhost,OuterGreenhouseGhost_varyLum_goodMatch_sigma_2_repNum_4,11:2:13,1,3.359998,11:2:13,0.8,3.5,True,(0.01; 0.01; 0.01),True,(-6.12; 3.24; -45.32),(-6.04; 3.22; -45.28),(0.00000; 0.92882; 0.00000; 0.37052),(3.48; 1.37; -47.79),(0.07315; 0.60950; 0.05662; -0.78737),10:55:35
AtSpawn,11:2:25,OuterGreenhouseGhost,OuterGreenhouseGhost_varyLum_goodMatch_sigma_20_repNum_4,11:2:24,1,1.219999,11:2:24,0.6,3.5,False,(0.01; 0.01; 0.01),False,(-6.15; 2.37; -47.26),(-6.05; 1.81; -47.42),(0.00000; 0.03646; 0.00000; 0.99934),(3.13; 1.37; -47.97),(0.03909; 0.67867; 0.03621; -0.73250),10:55:35
AtCollision,11:2:26,OuterGreenhouseGhost,OuterGreenhouseGhost_varyLum_goodMatch_sigma_20_repNum_4,11:2:24,1,1.219999,11:2:24,0.6,3.5,False,(0.01; 0.01; 0.01),True,(-5.83; 2.33; -47.28),(-6.05; 2.07; -47.03),(0.00000; 0.03646; 0.00000; 0.99934),(3.13; 1.37; -47.97),(0.03836; 0.67871; 0.03554; -0.73254),10:55:35
AtSpawn,11:2:34,OuterGreenhouseGhost,OuterGreenhouseGhost_varyLum_goodMatch_sigma_30_repNum_5,11:2:32,1,2.019999,11:2:32,0.6,3.5,False,(0.01; 0.01; 0.01),False,(-6.15; 2.59; -48.53),(-6.07; 2.48; -48.70),(0.00000; 0.03597; 0.00000; 0.99935),(3.04; 1.37; -48.70),(0.04694; 0.69886; 0.04606; -0.71223),10:55:35
AtCollision,11:2:35,OuterGreenhouseGhost,OuterGreenhouseGhost_varyLum_goodMatch_sigma_30_repNum_5,11:2:32,1,2.019999,11:2:32,0.6,3.5,False,(0.01; 0.01; 0.01),True,(-5.82; 2.55; -48.53),(-6.06; 2.23; -48.31),(0.00000; 0.03597; 0.00000; 0.99935),(3.04; 1.37; -48.70),(0.04694; 0.69886; 0.04606; -0.71223),10:55:35
AtSpawn,11:2:47,OuterGreenhouseGhost,OuterGreenhouseGhost_varyLum_goodMatch_sigma_30_repNum_5,11:2:45,1,1.799999,11:2:45,0.6,3.5,False,(0.01; 0.01; 0.01),False,(-6.14; 2.78; -45.09),(-6.05; 1.89; -45.41),(0.00000; 0.03624; 0.00000; 0.99934),(2.77; 1.37; -49.27),(0.05981; 0.53502; 0.03801; -0.84186),10:55:35
AtCollision,11:2:48,OuterGreenhouseGhost,OuterGreenhouseGhost_varyLum_goodMatch_sigma_30_repNum_5,11:2:45,1,1.799999,11:2:45,0.6,3.5,False,(0.01; 0.01; 0.01),False,(-6.18; 2.79; -45.08),(-6.05; 2.42; -45.36),(0.00000; 0.03624; 0.00000; 0.99934),(2.77; 1.37; -49.26),(0.05898; 0.54246; 0.03822; -0.83714),10:55:35
AtSpawn,11:2:50,OuterGreenhouseGhost,OuterGreenhouseGhost_varyLum_goodMatch_sigma_30_repNum_5,11:2:45,1,5.359996,11:2:45,0.6,3.5,False,(0.01; 0.01; 0.01),True,(-6.00; 3.42; -45.54),(-6.04; 3.15; -45.42),(0.00000; 0.99943; 0.00000; 0.03376),(2.77; 1.37; -49.26),(0.08811; 0.54897; 0.05834; -0.82914),10:55:35
AtCollision,11:2:51,OuterGreenhouseGhost,OuterGreenhouseGhost_varyLum_goodMatch_sigma_30_repNum_5,11:2:45,1,5.359996,11:2:45,0.6,3.5,False,(0.01; 0.01; 0.01),True,(-5.68; 3.35; -45.66),(-6.04; 2.93; -45.86),(0.00000; 0.99943; 0.00000; 0.03376),(2.77; 1.37; -49.25),(0.07759; 0.55946; 0.05271; -0.82353),10:55:35
AtSpawn,11:3:4,OuterGreenhouseGhost,OuterGreenhouseGhost_varyLum_goodMatch_sigma_2_repNum_4,11:3:2,1,1.739999,11:3:2,0.8,3.5,False,(0.01; 0.01; 0.01),False,(-6.15; 2.28; -47.05),(-6.04; 2.47; -46.43),(0.00000; 0.99946; 0.00000; 0.03298),(4.48; 1.37; -50.13),(0.03263; 0.60008; 0.02451; -0.79890),10:55:35
AtCollision,11:3:5,OuterGreenhouseGhost,OuterGreenhouseGhost_varyLum_goodMatch_sigma_2_repNum_4,11:3:2,1,1.739999,11:3:2,0.8,3.5,False,(0.01; 0.01; 0.01),True,(-5.93; 2.26; -47.11),(-6.05; 2.04; -47.08),(0.00000; 0.99946; 0.00000; 0.03298),(4.48; 1.37; -50.13),(0.03221; 0.60009; 0.02419; -0.79892),10:55:35
AtSpawn,11:3:17,OuterGreenhouseGhost,OuterGreenhouseGhost_varyLum_goodMatch_sigma_20_repNum_4,11:3:15,1,1.959999,11:3:15,0.6,3.5,False,(0.01; 0.01; 0.01),False,(-6.15; 3.33; -48.64),(-6.08; 3.14; -49.19),(0.00000; 0.04040; 0.00000; 0.99918),(3.95; 1.37; -50.39),(0.07201; 0.64092; 0.06058; -0.76182),10:55:35
AtCollision,11:3:18,OuterGreenhouseGhost,OuterGreenhouseGhost_varyLum_goodMatch_sigma_20_repNum_4,11:3:15,1,1.959999,11:3:15,0.6,3.5,False,(0.01; 0.01; 0.01),True,(-5.88; 3.28; -48.68),(-6.08; 3.15; -48.65),(0.00000; 0.04040; 0.00000; 0.99918),(3.95; 1.37; -50.39),(0.07201; 0.64092; 0.06058; -0.76182),10:55:35
AtSpawn,11:3:27,OuterGreenhouseGhost,dazzleGhost_repNum_1,11:3:25,1,1.279999,11:3:25,0.8,3.5,False,(0.01; 0.01; 0.01),False,(-6.15; 2.48; -48.66),(-6.08; 2.65; -48.85),(0.00000; 0.03771; 0.00000; 0.99929),(4.31; 1.37; -49.79),(0.03895; 0.66711; 0.03496; -0.74312),10:55:35
AtCollision,11:3:27,OuterGreenhouseGhost,dazzleGhost_repNum_1,11:3:25,1,1.279999,11:3:25,0.8,3.5,False,(0.01; 0.01; 0.01),False,(-6.11; 2.48; -48.66),(-6.08; 2.29; -48.20),(0.00000; 0.03771; 0.00000; 0.99929),(4.31; 1.37; -49.80),(0.03941; 0.66437; 0.03512; -0.74554),10:55:35
AtSpawn,11:3:30,OuterGreenhouseGhost,dazzleGhost_repNum_1,11:3:25,1,4.479997,11:3:25,0.8,3.5,False,(0.01; 0.01; 0.01),False,(-6.15; 1.52; -46.21),(-6.07; 1.42; -46.60),(0.00000; 0.03771; 0.00000; 0.99929),(4.29; 1.37; -49.88),(0.00520; 0.57787; 0.00368; -0.81610),10:55:35
AtCollision,11:3:31,OuterGreenhouseGhost,dazzleGhost_repNum_1,11:3:25,1,4.479997,11:3:25,0.8,3.5,False,(0.01; 0.01; 0.01),False,(-6.14; 1.52; -46.21),(-6.07; 1.04; -45.91),(0.00000; 0.03771; 0.00000; 0.99929),(4.29; 1.37; -49.88),(0.00495; 0.57787; 0.00350; -0.81610),10:55:35
AtSpawn,11:3:33,OuterGreenhouseGhost,dazzleGhost_repNum_1,11:3:25,1,7.779994,11:3:25,0.8,3.5,False,(0.01; 0.01; 0.01),False,(-6.14; 3.23; -45.41),(-6.05; 2.23; -45.38),(0.00000; 0.03794; 0.00000; 0.99928),(4.28; 1.37; -49.90),(0.06757; 0.54780; 0.04445; -0.83269),10:55:35
AtCollision,11:3:34,OuterGreenhouseGhost,dazzleGhost_repNum_1,11:3:25,1,7.779994,11:3:25,0.8,3.5,False,(0.01; 0.01; 0.01),True,(-5.95; 3.20; -45.49),(-6.04; 3.03; -45.30),(0.00000; 0.03794; 0.00000; 0.99928),(4.28; 1.37; -49.91),(0.06921; 0.54570; 0.04529; -0.83389),10:55:35
AtSpawn,11:3:43,OuterGreenhouseGhost,dazzleGhost_repNum_1,11:3:41,1,1.879999,11:3:41,0.6,3.5,False,(0.01; 0.01; 0.01),False,(-6.15; 3.41; -48.10),(-6.08; 3.15; -48.60),(0.00000; 0.03732; 0.00000; 0.99930),(3.71; 1.37; -49.69),(0.07647; 0.64499; 0.06511; -0.75757),10:55:35
AtCollision,11:3:44,OuterGreenhouseGhost,dazzleGhost_repNum_1,11:3:41,1,1.879999,11:3:41,0.6,3.5,False,(0.01; 0.01; 0.01),True,(-5.85; 3.35; -48.14),(-6.07; 3.16; -48.08),(0.00000; 0.03732; 0.00000; 0.99930),(3.70; 1.37; -49.69),(0.07833; 0.63933; 0.06571; -0.76211),10:55:35
AtSpawn,11:4:18,MansionWallGhost,MansionWall_varyLum_goodMatch_sigma_20_repNum_3,11:4:16,1,2.819998,11:4:16,0.6,3.5,False,(0.01; 0.01; 0.01),False,(-12.79; 2.66; -23.43),(-12.82; 3.05; -22.97),(0.00000; -0.99967; 0.00000; 0.02586),(-20.78; 1.46; -19.84),(0.03692; -0.83754; -0.05703; -0.54213),10:55:35
AtCollision,11:4:19,MansionWallGhost,MansionWall_varyLum_goodMatch_sigma_20_repNum_3,11:4:16,1,2.819998,11:4:16,0.6,3.5,False,(0.01; 0.01; 0.01),False,(-12.78; 2.66; -23.44),(-12.81; 2.67; -23.25),(0.00000; -0.99967; 0.00000; 0.02586),(-20.78; 1.46; -19.84),(0.03485; -0.83936; -0.05420; -0.53974),10:55:35
AtSpawn,11:4:22,MansionWallGhost,MansionWall_varyLum_goodMatch_sigma_20_repNum_3,11:4:16,1,6.179995,11:4:16,0.6,3.5,True,(0.01; 0.01; 0.01),False,(-12.78; 1.70; -24.34),(-12.80; 1.63; -24.01),(0.00000; -0.34701; 0.00000; 0.93786),(-20.77; 1.46; -19.81),(0.00662; -0.86392; -0.01136; -0.50345),10:55:35
AtCollision,11:4:23,MansionWallGhost,MansionWall_varyLum_goodMatch_sigma_20_repNum_3,11:4:16,1,6.179995,11:4:16,0.6,3.5,False,(0.01; 0.01; 0.01),True,(-12.75; 1.70; -24.35),(-12.80; 1.64; -23.91),(0.00000; -0.04158; 0.00000; 0.99914),(-20.77; 1.46; -19.82),(0.03231; -0.85635; -0.05398; -0.51255),10:55:35
AtSpawn,11:4:22,MansionWallGhost,MansionWall_varyLum_goodMatch_sigma_20_repNum_3,11:4:16,1,6.179995,11:4:16,0.6,3.5,True,(0.01; 0.01; 0.01),False,(-12.78; 1.70; -24.34),(-12.80; 1.63; -24.01),(0.00000; -0.34701; 0.00000; 0.93786),(-20.77; 1.46; -19.81),(0.00662; -0.86392; -0.01136; -0.50345),10:55:35
AtCollision,11:4:23,MansionWallGhost,MansionWall_varyLum_goodMatch_sigma_20_repNum_3,11:4:16,1,6.179995,11:4:16,0.6,3.5,False,(0.01; 0.01; 0.01),True,(-12.75; 1.70; -24.35),(-12.80; 1.64; -23.91),(0.00000; -0.04158; 0.00000; 0.99914),(-20.77; 1.46; -19.82),(0.03231; -0.85635; -0.05398; -0.51255),10:55:35
AtSpawn,11:4:35,MansionWallGhost,MansionWall_varyLum_goodMatch_sigma_30_repNum_2,11:4:33,1,1.879999,11:4:33,0.8,3.5,False,(0.01; 0.01; 0.01),False,(-12.79; 5.50; -22.95),(-12.81; 5.64; -23.24),(0.00000; -0.04030; 0.00000; 0.99919),(-20.02; 1.51; -19.89),(0.12854; -0.81074; -0.19400; -0.53717),10:55:35
AtCollision,11:4:36,MansionWallGhost,MansionWall_varyLum_goodMatch_sigma_30_repNum_2,11:4:33,1,1.879999,11:4:33,0.8,3.5,False,(0.01; 0.01; 0.01),True,(-12.82; 5.48; -22.94),(-12.82; 5.11; -22.94),(0.00000; -0.04030; 0.00000; 0.99919),(-20.02; 1.51; -19.89),(0.12363; -0.81539; -0.18913; -0.53300),10:55:35
AtSpawn,11:4:35,MansionWallGhost,MansionWall_varyLum_goodMatch_sigma_30_repNum_2,11:4:33,1,1.879999,11:4:33,0.8,3.5,False,(0.01; 0.01; 0.01),False,(-12.79; 5.50; -22.95),(-12.81; 5.64; -23.24),(0.00000; -0.04030; 0.00000; 0.99919),(-20.02; 1.51; -19.89),(0.12854; -0.81074; -0.19400; -0.53717),10:55:35
AtCollision,11:4:36,MansionWallGhost,MansionWall_varyLum_goodMatch_sigma_30_repNum_2,11:4:33,1,1.879999,11:4:33,0.8,3.5,False,(0.01; 0.01; 0.01),True,(-12.82; 5.48; -22.94),(-12.82; 5.11; -22.94),(0.00000; -0.04030; 0.00000; 0.99919),(-20.02; 1.51; -19.89),(0.12363; -0.81539; -0.18913; -0.53300),10:55:35
AtSpawn,11:4:44,MansionWallGhost,MansionWall_varyLum_goodMatch_sigma_2_repNum_3,11:4:42,1,1.279999,11:4:42,0.6,3.5,False,(0.01; 0.01; 0.01),False,(-12.81; 5.22; -20.98),(-12.82; 5.57; -21.07),(0.00000; -0.04014; 0.00000; 0.99919),(-19.95; 1.52; -20.04),(0.15488; -0.73082; -0.17662; -0.64087),10:55:35
AtCollision,11:4:44,MansionWallGhost,MansionWall_varyLum_goodMatch_sigma_2_repNum_3,11:4:42,1,1.279999,11:4:42,0.6,3.5,False,(0.01; 0.01; 0.01),True,(-12.89; 5.18; -20.98),(-12.83; 5.16; -21.04),(0.00000; -0.04014; 0.00000; 0.99919),(-19.95; 1.52; -20.04),(0.15488; -0.73082; -0.17662; -0.64087),10:55:35
AtSpawn,11:4:52,MansionWallGhost,MansionWall_varyLum_goodMatch_sigma_30_repNum_2,11:4:50,1,1.879999,11:4:50,0.8,3.5,False,(0.01; 0.01; 0.01),False,(-12.80; 2.29; -22.07),(-12.82; 1.71; -22.53),(0.00000; -0.03903; 0.00000; 0.99924),(-19.59; 1.35; -21.76),(0.04759; -0.72112; -0.04978; -0.68938),10:55:35
AtCollision,11:4:53,MansionWallGhost,MansionWall_varyLum_goodMatch_sigma_30_repNum_2,11:4:50,1,1.879999,11:4:50,0.8,3.5,False,(0.01; 0.01; 0.01),True,(-13.14; 2.24; -22.07),(-12.83; 1.74; -22.09),(0.00000; -0.03903; 0.00000; 0.99924),(-19.59; 1.35; -21.77),(0.04660; -0.72010; -0.04860; -0.69060),10:55:35
AtSpawn,11:5:5,MansionWallGhost,dazzleGhost_repNum_1,11:5:3,1,1.479999,11:5:3,0.8,3.5,False,(0.01; 0.01; 0.01),False,(-12.81; 2.26; -21.42),(-12.84; 2.13; -20.79),(0.00000; -1.00000; 0.00000; -0.00127),(-19.88; 1.34; -22.14),(0.04741; -0.66890; -0.04282; -0.74060),10:55:35
AtCollision,11:5:5,MansionWallGhost,dazzleGhost_repNum_1,11:5:3,1,1.479999,11:5:3,0.8,3.5,False,(0.01; 0.01; 0.01),False,(-12.45; 2.31; -21.37),(-12.84; 2.65; -20.83),(0.00000; -1.00000; 0.00000; -0.00127),(-19.88; 1.34; -22.14),(0.11781; -0.65850; -0.10544; -0.73578),10:55:35
AtSpawn,11:5:8,MansionWallGhost,dazzleGhost_repNum_1,11:5:3,1,4.579997,11:5:3,0.8,3.5,False,(0.01; 0.01; 0.01),True,(-13.08; 4.82; -21.00),(-12.83; 4.61; -20.99),(0.00000; -1.00000; 0.00000; -0.00127),(-19.87; 1.34; -22.16),(0.17697; -0.62710; -0.14922; -0.74374),10:55:35
AtCollision,11:5:9,MansionWallGhost,dazzleGhost_repNum_1,11:5:3,1,4.579997,11:5:3,0.8,3.5,False,(0.01; 0.01; 0.01),False,(-12.57; 5.08; -20.89),(-12.83; 5.18; -21.04),(0.00000; -1.00000; 0.00000; -0.00127),(-19.87; 1.34; -22.16),(0.17697; -0.62710; -0.14922; -0.74374),10:55:35
AtSpawn,11:5:11,MansionWallGhost,dazzleGhost_repNum_1,11:5:3,1,8.139997,11:5:3,0.8,3.5,False,(0.01; 0.01; 0.01),False,(-12.81; 5.95; -20.90),(-12.82; 6.04; -21.11),(0.00000; -0.07057; 0.00000; 0.99751),(-19.87; 1.34; -22.17),(0.21589; -0.61570; -0.18061; -0.73599),10:55:35
AtCollision,11:5:12,MansionWallGhost,dazzleGhost_repNum_1,11:5:3,1,8.139997,11:5:3,0.8,3.5,False,(0.01; 0.01; 0.01),True,(-12.90; 5.89; -20.92),(-12.82; 5.46; -21.06),(0.00000; -0.07057; 0.00000; 0.99751),(-19.87; 1.34; -22.15),(0.17757; -0.64167; -0.15617; -0.72961),10:55:35
AtSpawn,11:5:21,MansionWallGhost,MansionWall_varyLum_goodMatch_sigma_2_repNum_3,11:5:19,1,2.199999,11:5:19,0.6,3.5,False,(0.01; 0.01; 0.01),False,(-12.81; 3.22; -21.35),(-12.84; 2.37; -21.15),(0.00000; -0.99961; 0.00000; 0.02803),(-20.48; 1.36; -22.39),(0.08882; -0.65345; -0.07762; -0.74772),10:55:35
AtCollision,11:5:22,MansionWallGhost,MansionWall_varyLum_goodMatch_sigma_2_repNum_3,11:5:19,1,2.199999,11:5:19,0.6,3.5,False,(0.01; 0.01; 0.01),True,(-13.15; 3.14; -21.41),(-12.84; 2.69; -21.37),(0.00000; -0.99961; 0.00000; 0.02803),(-20.48; 1.36; -22.39),(0.08773; -0.65356; -0.07667; -0.74785),10:55:35
AtSpawn,11:5:34,MansionWallGhost,dazzleGhost_repNum_1,11:5:32,1,2.299999,11:5:32,0.6,3.5,False,(0.01; 0.01; 0.01),False,(-12.78; 3.55; -23.98),(-12.80; 2.36; -24.01),(0.00000; -0.03897; 0.00000; 0.99924),(-20.03; 1.37; -22.06),(0.08587; -0.78470; -0.11163; -0.60366),10:55:35
AtCollision,11:5:35,MansionWallGhost,dazzleGhost_repNum_1,11:5:32,1,2.299999,11:5:32,0.6,3.5,False,(0.01; 0.01; 0.01),True,(-12.99; 3.49; -23.93),(-12.80; 2.75; -24.01),(0.00000; -0.03897; 0.00000; 0.99924),(-20.03; 1.37; -22.05),(0.07606; -0.79081; -0.10043; -0.59896),10:55:35
AtSpawn,11:5:47,MansionWallGhost,MansionWall_varyLum_goodMatch_sigma_20_repNum_3,11:5:46,1,1.439999,11:5:46,0.6,3.5,False,(0.01; 0.01; 0.01),False,(-12.78; 6.51; -23.90),(-12.80; 6.70; -23.99),(0.00000; -0.99956; 0.00000; 0.02955),(-20.50; 1.43; -22.21),(0.17650; -0.74750; -0.21929; -0.60167),10:55:35
AtCollision,11:5:48,MansionWallGhost,MansionWall_varyLum_goodMatch_sigma_20_repNum_3,11:5:46,1,1.439999,11:5:46,0.6,3.5,False,(0.01; 0.01; 0.01),True,(-12.97; 6.38; -23.87),(-12.80; 6.22; -24.00),(0.00000; -0.99956; 0.00000; 0.02955),(-20.50; 1.43; -22.22),(0.16195; -0.74952; -0.19891; -0.61026),10:55:35
AtSpawn,11:6:28,BrickWallGhost,BrickWallGhost_varyLum_goodMatch_sigma_30_repNum_1,11:6:25,1,2.779998,11:6:25,0.6,3.5,False,(0.01; 0.01; 0.01),False,(26.17; 1.44; -14.57),(26.00; 1.17; -14.91),(0.00000; -0.03529; 0.00000; 0.99938),(16.34; 1.39; -10.11),(-0.00113; 0.84053; 0.00175; 0.54175),10:55:35
AtCollision,11:6:29,BrickWallGhost,BrickWallGhost_varyLum_goodMatch_sigma_30_repNum_1,11:6:25,1,2.779998,11:6:25,0.6,3.5,False,(0.01; 0.01; 0.01),True,(25.66; 1.43; -14.35),(26.00; 1.01; -14.39),(0.00000; -0.03529; 0.00000; 0.99938),(16.34; 1.39; -10.11),(-0.00003; 0.84218; 0.00004; 0.53919),10:55:35
AtSpawn,11:6:46,BrickWallGhost,dazzleGhost_repNum_1,11:6:43,2,2.819998,11:6:44,0.8,3.5,False,(0.01; 0.01; 0.01),False,(26.12; 1.44; -7.70),(26.07; 1.23; -7.31),(0.00000; -0.99917; 0.00000; 0.04077),(17.19; 1.44; -9.95),(-0.00023; 0.61501; 0.00018; 0.78852),10:55:35
AtCollision,11:6:47,BrickWallGhost,dazzleGhost_repNum_1,11:6:43,2,2.819998,11:6:44,0.8,3.5,False,(0.01; 0.01; 0.01),True,(25.74; 1.44; -7.81),(26.06; 1.18; -7.93),(0.00000; -0.99917; 0.00000; 0.04077),(17.19; 1.44; -9.91),(-0.00533; 0.65350; 0.00461; 0.75689),10:55:35
AtSpawn,11:7:0,BrickWallGhost,BrickWallGhost_varyLum_goodMatch_sigma_30_repNum_1,11:6:58,1,2.079999,11:6:58,0.6,3.5,False,(0.01; 0.01; 0.01),False,(26.11; 1.62; -6.64),(26.08; 1.34; -6.08),(0.00000; -0.99919; 0.00000; 0.04031),(16.16; 1.41; -10.48),(-0.00817; 0.56560; 0.00560; 0.82462),10:55:35
AtCollision,11:7:1,BrickWallGhost,BrickWallGhost_varyLum_goodMatch_sigma_30_repNum_1,11:6:58,1,2.079999,11:6:58,0.6,3.5,False,(0.01; 0.01; 0.01),True,(25.89; 1.62; -6.73),(26.08; 1.29; -6.63),(0.00000; -0.99919; 0.00000; 0.04031),(16.14; 1.41; -10.40),(-0.00959; 0.64964; 0.00820; 0.76014),10:55:35
AtSpawn,11:7:17,BrickWallGhost,BrickWallGhost_varyLum_goodMatch_sigma_2_repNum_2,11:7:12,2,2.299999,11:7:15,0.6,3.5,False,(0.01; 0.01; 0.01),False,(26.12; 1.76; -7.79),(26.07; 1.34; -7.52),(0.00000; -0.99921; 0.00000; 0.03983),(15.44; 1.39; -10.04),(0.01312; -0.63002; -0.01065; -0.77640),10:55:35
AtCollision,11:7:18,BrickWallGhost,BrickWallGhost_varyLum_goodMatch_sigma_2_repNum_2,11:7:12,2,2.299999,11:7:15,0.6,3.5,False,(0.01; 0.01; 0.01),True,(25.65; 1.74; -7.91),(26.07; 1.31; -8.08),(0.00000; -0.99921; 0.00000; 0.03983),(15.44; 1.39; -10.03),(0.01192; -0.64020; -0.00993; -0.76805),10:55:35
AtSpawn,11:7:26,BrickWallGhost,BrickWallGhost_varyLum_goodMatch_sigma_20_repNum_5,11:7:24,1,1.899999,11:7:24,0.6,3.5,False,(0.01; 0.01; 0.01),False,(26.17; 1.51; -14.80),(26.00; 1.03; -14.46),(0.00000; -0.99943; 0.00000; 0.03386),(16.57; 1.39; -9.11),(0.00264; -0.86884; -0.00463; -0.49507),10:55:35
AtCollision,11:7:27,BrickWallGhost,BrickWallGhost_varyLum_goodMatch_sigma_20_repNum_5,11:7:24,1,1.899999,11:7:24,0.6,3.5,False,(0.01; 0.01; 0.01),True,(26.11; 1.51; -14.76),(26.00; 1.20; -15.03),(0.00000; -0.99943; 0.00000; 0.03386),(16.57; 1.39; -9.10),(0.00233; -0.87584; -0.00422; -0.48258),10:55:35
AtSpawn,11:7:36,BrickWallGhost,dazzleGhost_repNum_1,11:7:34,1,2.099999,11:7:34,0.6,3.5,False,(0.01; 0.01; 0.01),False,(26.11; 1.96; -6.78),(26.09; 1.45; -6.34),(0.00000; -0.99944; 0.00000; 0.03352),(16.12; 1.40; -12.13),(0.02137; -0.51374; -0.01280; -0.85758),10:55:35
AtCollision,11:7:37,BrickWallGhost,dazzleGhost_repNum_1,11:7:34,1,2.099999,11:7:34,0.6,3.5,False,(0.01; 0.01; 0.01),True,(25.87; 1.95; -6.92),(26.08; 1.46; -6.93),(0.00000; -0.99944; 0.00000; 0.03352),(16.12; 1.40; -12.13),(0.02137; -0.51374; -0.01280; -0.85758),10:55:35
AtSpawn,11:7:45,BrickWallGhost,BrickWallGhost_varyLum_goodMatch_sigma_2_repNum_2,11:7:43,1,1.899999,11:7:43,0.8,3.5,False,(0.01; 0.01; 0.01),False,(26.16; 1.24; -12.49),(26.01; 0.76; -12.75),(0.00000; -0.02874; 0.00000; 0.99959),(16.12; 1.40; -9.48),(-0.00458; -0.80238; 0.00616; -0.59677),10:55:35
AtCollision,11:7:46,BrickWallGhost,BrickWallGhost_varyLum_goodMatch_sigma_2_repNum_2,11:7:43,1,1.899999,11:7:43,0.8,3.5,False,(0.01; 0.01; 0.01),False,(26.16; 1.24; -12.49),(26.01; 0.83; -12.01),(0.00000; -0.02874; 0.00000; 0.99959),(16.12; 1.40; -9.50),(-0.00595; -0.78774; 0.00761; -0.61593),10:55:35
AtSpawn,11:7:49,BrickWallGhost,BrickWallGhost_varyLum_goodMatch_sigma_2_repNum_2,11:7:43,1,5.519996,11:7:43,0.8,3.5,False,(0.01; 0.01; 0.01),False,(26.13; 1.46; -9.30),(26.04; 1.01; -9.87),(0.00000; -0.02874; 0.00000; 0.99959),(16.11; 1.40; -9.60),(0.00218; -0.69653; -0.00211; -0.71752),10:55:35
AtCollision,11:7:50,BrickWallGhost,BrickWallGhost_varyLum_goodMatch_sigma_2_repNum_2,11:7:43,1,5.519996,11:7:43,0.8,3.5,False,(0.01; 0.01; 0.01),True,(25.62; 1.45; -9.33),(26.05; 1.07; -9.21),(0.00000; -0.02874; 0.00000; 0.99959),(16.11; 1.40; -9.60),(-0.00045; -0.69904; 0.00044; -0.71508),10:55:35
AtSpawn,11:8:3,BrickWallGhost,BrickWallGhost_varyLum_goodMatch_sigma_20_repNum_5,11:8:1,1,2.139999,11:8:1,0.6,3.5,False,(0.01; 0.01; 0.01),False,(26.15; 1.21; -11.94),(26.02; 0.69; -12.12),(0.00000; -0.02834; 0.00000; 0.99960),(16.84; 1.45; -10.00),(-0.00802; -0.77588; 0.00986; -0.63075),10:55:35
AtCollision,11:8:4,BrickWallGhost,BrickWallGhost_varyLum_goodMatch_sigma_20_repNum_5,11:8:1,1,2.139999,11:8:1,0.6,3.5,False,(0.01; 0.01; 0.01),False,(26.43; 1.20; -11.99),(26.02; 0.68; -11.60),(0.00000; -0.02834; 0.00000; 0.99960),(16.84; 1.45; -10.01),(-0.01157; -0.76573; 0.01378; -0.64292),10:55:35
AtSpawn,11:8:6,BrickWallGhost,BrickWallGhost_varyLum_goodMatch_sigma_20_repNum_5,11:8:1,1,5.339996,11:8:1,0.6,3.5,False,(0.01; 0.01; 0.01),False,(26.14; 1.25; -9.66),(26.04; 0.67; -10.20),(0.00000; -0.02834; 0.00000; 0.99960),(16.83; 1.45; -10.09),(-0.00797; -0.69047; 0.00760; -0.72328),10:55:35
AtCollision,11:8:7,BrickWallGhost,BrickWallGhost_varyLum_goodMatch_sigma_20_repNum_5,11:8:1,1,5.339996,11:8:1,0.6,3.5,False,(0.01; 0.01; 0.01),True,(25.75; 1.25; -9.69),(26.05; 0.66; -9.73),(0.00000; -0.02834; 0.00000; 0.99960),(16.83; 1.45; -10.09),(-0.00797; -0.69047; 0.00760; -0.72328),10:55:35
AtSpawn,11:9:28,InnerGreenhouseGhost,InnerGreenhouseGhost_varyLum_goodMatch_sigma_2_repNum_2,11:9:24,1,3.359998,11:9:24,0.8,3.5,False,(0.01; 0.01; 0.01),False,(-23.71; 4.04; -47.31),(-23.64; 3.56; -46.91),(0.00000; 0.99899; 0.00000; 0.04489),(-12.27; 1.39; -48.20),(0.08306; 0.67470; 0.07684; -0.72937),10:55:35
AtCollision,11:9:29,InnerGreenhouseGhost,InnerGreenhouseGhost_varyLum_goodMatch_sigma_2_repNum_2,11:9:24,1,3.359998,11:9:24,0.8,3.5,False,(0.01; 0.01; 0.01),False,(-23.99; 4.11; -47.30),(-23.62; 3.54; -47.77),(0.00000; 0.99899; 0.00000; 0.04489),(-12.27; 1.39; -48.20),(0.08306; 0.67470; 0.07684; -0.72937),10:55:35
AtSpawn,11:9:31,InnerGreenhouseGhost,InnerGreenhouseGhost_varyLum_goodMatch_sigma_2_repNum_2,11:9:24,1,6.479995,11:9:24,0.8,3.5,False,(0.01; 0.01; 0.01),False,(-23.63; 3.77; -49.85),(-23.59; 3.51; -49.40),(0.00000; 0.99899; 0.00000; 0.04489),(-12.27; 1.39; -48.11),(0.06631; 0.75481; 0.07724; -0.64800),10:55:35
AtCollision,11:9:32,InnerGreenhouseGhost,InnerGreenhouseGhost_varyLum_goodMatch_sigma_2_repNum_2,11:9:24,1,6.479995,11:9:24,0.8,3.5,True,(0.01; 0.01; 0.01),True,(-23.54; 3.75; -49.84),(-23.57; 3.50; -50.17),(0.00000; 0.91497; 0.00000; 0.40353),(-12.27; 1.39; -48.13),(0.05753; 0.74322; 0.06444; -0.66345),10:55:35
AtSpawn,11:9:39,InnerGreenhouseGhost,dazzleGhost_repNum_1,11:9:37,1,1.699999,11:9:37,0.8,3.5,False,(0.01; 0.01; 0.01),False,(-14.87; 1.72; -46.90),(-23.62; 2.41; -46.72),(0.00000; 0.01856; 0.00000; 0.99983),(-12.71; 1.39; -46.99),(0.05332; 0.68943; 0.05101; -0.72059),10:55:35
AtCollision,11:9:39,InnerGreenhouseGhost,dazzleGhost_repNum_1,11:9:37,1,1.699999,11:9:37,0.8,3.5,False,(0.01; 0.01; 0.01),False,(-14.88; 1.72; -46.90),(-23.63; 2.47; -46.63),(0.00000; 0.01856; 0.00000; 0.99983),(-12.71; 1.39; -47.00),(0.06253; 0.68000; 0.05839; -0.72820),10:55:35
AtSpawn,11:9:42,InnerGreenhouseGhost,dazzleGhost_repNum_1,11:9:37,1,4.759996,11:9:37,0.8,3.5,True,(0.01; 0.01; 0.01),True,(-23.54; 3.90; -44.58),(-23.68; 3.59; -44.93),(0.00000; 0.90793; 0.00000; 0.41911),(-16.60; 1.37; -48.90),(0.13049; 0.48036; 0.07253; -0.86427),10:55:35
AtCollision,11:9:43,InnerGreenhouseGhost,dazzleGhost_repNum_1,11:9:37,1,4.759996,11:9:37,0.8,3.5,False,(0.01; 0.01; 0.01),False,(-23.87; 4.02; -44.39),(-23.68; 3.59; -44.98),(0.00000; 0.99899; 0.00000; 0.04494),(-16.58; 1.37; -48.87),(0.09467; 0.52565; 0.05900; -0.84336),10:55:35
AtSpawn,11:9:45,InnerGreenhouseGhost,dazzleGhost_repNum_1,11:9:37,1,7.799994,11:9:37,0.8,3.5,False,(0.01; 0.01; 0.01),False,(-23.72; 4.11; -46.95),(-23.64; 3.56; -46.79),(0.00000; 0.99899; 0.00000; 0.04494),(-16.55; 1.37; -48.79),(0.13908; 0.60359; 0.10796; -0.77761),10:55:35
AtCollision,11:9:46,InnerGreenhouseGhost,dazzleGhost_repNum_1,11:9:37,1,7.799994,11:9:37,0.8,3.5,False,(0.01; 0.01; 0.01),False,(-23.75; 4.12; -46.95),(-23.63; 3.55; -47.33),(0.00000; 0.99899; 0.00000; 0.04494),(-16.55; 1.37; -48.78),(0.10111; 0.62085; 0.08120; -0.77313),10:55:35
AtSpawn,11:9:48,InnerGreenhouseGhost,dazzleGhost_repNum_1,11:9:37,1,10.98006,11:9:37,0.8,3.5,False,(0.01; 0.01; 0.01),False,(-23.64; 4.03; -49.51),(-23.59; 3.51; -49.33),(0.00000; 0.99899; 0.00000; 0.04494),(-16.54; 1.37; -48.65),(0.11739; 0.73678; 0.13255; -0.65254),10:55:35
AtCollision,11:9:49,InnerGreenhouseGhost,dazzleGhost_repNum_1,11:9:37,1,10.98006,11:9:37,0.8,3.5,False,(0.01; 0.01; 0.01),False,(-23.69; 4.05; -49.52),(-23.58; 3.50; -49.86),(0.00000; 0.99899; 0.00000; 0.04494),(-16.54; 1.37; -48.65),(0.11739; 0.73678; 0.13255; -0.65254),10:55:35
AtSpawn,11:9:52,InnerGreenhouseGhost,dazzleGhost_repNum_1,11:9:37,1,14.20014,11:9:37,0.8,3.5,False,(0.01; 0.01; 0.01),False,(-23.65; 3.00; -49.12),(-23.59; 3.02; -49.44),(0.00000; 0.02143; 0.00000; 0.99977),(-16.54; 1.37; -48.67),(0.07683; 0.72428; 0.08180; -0.68031),10:55:35
AtCollision,11:9:52,InnerGreenhouseGhost,dazzleGhost_repNum_1,11:9:37,1,14.20014,11:9:37,0.8,3.5,False,(0.01; 0.01; 0.01),True,(-23.41; 2.95; -49.09),(-23.60; 2.75; -49.03),(0.00000; 0.02143; 0.00000; 0.99977),(-16.54; 1.37; -48.67),(0.07683; 0.72428; 0.08180; -0.68031),10:55:35
AtSpawn,11:10:4,InnerGreenhouseGhost,InnerGreenhouseGhost_varyLum_goodMatch_sigma_20_repNum_4,11:10:2,1,1.779999,11:10:2,0.6,3.5,False,(0.01; 0.01; 0.01),False,(-23.76; 3.69; -45.64),(-23.68; 3.36; -45.26),(0.00000; 0.99905; 0.00000; 0.04352),(-15.38; 1.39; -49.42),(0.10269; 0.53847; 0.06632; -0.83373),10:55:35
AtCollision,11:10:5,InnerGreenhouseGhost,InnerGreenhouseGhost_varyLum_goodMatch_sigma_20_repNum_4,11:10:2,1,1.779999,11:10:2,0.6,3.5,False,(0.01; 0.01; 0.01),True,(-23.68; 3.67; -45.67),(-23.67; 3.08; -45.67),(0.00000; 0.99905; 0.00000; 0.04352),(-15.38; 1.39; -49.42),(0.09916; 0.53838; 0.06398; -0.83440),10:55:35
AtSpawn,11:10:17,InnerGreenhouseGhost,InnerGreenhouseGhost_varyLum_goodMatch_sigma_30_repNum_3,11:10:15,1,1.599999,11:10:15,0.8,3.5,False,(0.01; 0.01; 0.01),False,(-23.67; 1.62; -48.49),(-23.61; 1.37; -48.17),(0.00000; 0.99940; 0.00000; 0.03475),(-15.55; 1.39; -49.52),(0.01041; 0.66114; 0.00918; -0.75014),10:55:35
AtCollision,11:10:17,InnerGreenhouseGhost,InnerGreenhouseGhost_varyLum_goodMatch_sigma_30_repNum_3,11:10:15,1,1.599999,11:10:15,0.8,3.5,False,(0.01; 0.01; 0.01),True,(-23.28; 1.61; -48.53),(-23.61; 1.05; -48.60),(0.00000; 0.99940; 0.00000; 0.03475),(-15.55; 1.39; -49.52),(0.01041; 0.66114; 0.00918; -0.75014),10:55:35
AtSpawn,11:10:25,InnerGreenhouseGhost,InnerGreenhouseGhost_varyLum_goodMatch_sigma_2_repNum_2,11:10:24,1,1.639999,11:10:24,0.6,3.5,False,(0.01; 0.01; 0.01),False,(-23.73; 2.21; -46.77),(-23.65; 1.27; -46.39),(0.00000; 0.99940; 0.00000; 0.03464),(-15.34; 1.40; -49.81),(0.03695; 0.57379; 0.02593; -0.81776),10:55:35
AtCollision,11:10:26,InnerGreenhouseGhost,InnerGreenhouseGhost_varyLum_goodMatch_sigma_2_repNum_2,11:10:24,1,1.639999,11:10:24,0.6,3.5,False,(0.01; 0.01; 0.01),True,(-23.53; 2.19; -46.84),(-23.64; 1.60; -46.71),(0.00000; 0.99940; 0.00000; 0.03464),(-15.34; 1.40; -49.81),(0.03695; 0.57379; 0.02593; -0.81776),10:55:35
AtSpawn,11:10:39,InnerGreenhouseGhost,InnerGreenhouseGhost_varyLum_goodMatch_sigma_30_repNum_3,11:10:37,1,1.879999,11:10:37,0.8,3.5,False,(0.01; 0.01; 0.01),False,(-23.69; 1.41; -47.95),(-23.63; 0.72; -48.37),(0.00000; 0.02200; 0.00000; 0.99976),(-15.74; 1.40; -49.53),(0.00042; 0.63417; 0.00035; -0.77320),10:55:35
AtCollision,11:10:39,InnerGreenhouseGhost,InnerGreenhouseGhost_varyLum_goodMatch_sigma_30_repNum_3,11:10:37,1,1.879999,11:10:37,0.8,3.5,False,(0.01; 0.01; 0.01),True,(-23.58; 1.41; -47.97),(-23.64; 0.69; -47.82),(0.00000; 0.02200; 0.00000; 0.99976),(-15.74; 1.40; -49.54),(-0.00542; 0.63267; -0.00443; -0.77439),10:55:35
AtSpawn,11:10:49,InnerGreenhouseGhost,InnerGreenhouseGhost_varyLum_goodMatch_sigma_20_repNum_4,11:10:47,1,1.539999,11:10:47,0.8,3.5,False,(0.01; 0.01; 0.01),False,(-23.76; 3.82; -45.68),(-23.67; 3.40; -45.21),(0.00000; 0.99874; 0.00000; 0.05026),(-12.70; 1.40; -46.92),(0.07955; 0.66275; 0.07113; -0.74119),10:55:35
AtCollision,11:10:50,InnerGreenhouseGhost,InnerGreenhouseGhost_varyLum_goodMatch_sigma_20_repNum_4,11:10:47,1,1.539999,11:10:47,0.8,3.5,False,(0.01; 0.01; 0.01),False,(-23.76; 3.82; -45.68),(-23.65; 2.96; -45.89),(0.00000; 0.99874; 0.00000; 0.05026),(-12.72; 1.40; -47.17),(0.07267; 0.66339; 0.06498; -0.74190),10:55:35
AtSpawn,11:10:52,InnerGreenhouseGhost,InnerGreenhouseGhost_varyLum_goodMatch_sigma_20_repNum_4,11:10:47,1,4.919996,11:10:47,0.8,3.5,True,(0.01; 0.01; 0.01),False,(-23.70; 2.13; -47.63),(-23.61; 2.10; -47.19),(0.00000; 0.31701; 0.00000; 0.94842),(-15.16; 1.40; -50.21),(0.03265; 0.59556; 0.02424; -0.80228),10:55:35
AtCollision,11:10:53,InnerGreenhouseGhost,InnerGreenhouseGhost_varyLum_goodMatch_sigma_20_repNum_4,11:10:47,1,4.919996,11:10:47,0.8,3.5,False,(0.01; 0.01; 0.01),False,(-23.82; 2.14; -47.60),(-23.61; 2.02; -47.11),(0.00000; 0.00710; 0.00000; 0.99997),(-15.17; 1.40; -50.23),(0.04733; 0.57410; 0.03327; -0.81674),10:55:35
AtSpawn,11:10:55,InnerGreenhouseGhost,InnerGreenhouseGhost_varyLum_goodMatch_sigma_20_repNum_4,11:10:47,1,7.939993,11:10:47,0.8,3.5,False,(0.01; 0.01; 0.01),False,(-23.77; 1.12; -45.42),(-23.68; 0.74; -45.88),(0.00000; 0.00710; 0.00000; 0.99997),(-15.20; 1.40; -50.29),(-0.01201; 0.50295; -0.00699; -0.86420),10:55:35
AtCollision,11:10:56,InnerGreenhouseGhost,InnerGreenhouseGhost_varyLum_goodMatch_sigma_20_repNum_4,11:10:47,1,7.939993,11:10:47,0.8,3.5,False,(0.01; 0.01; 0.01),True,(-23.56; 1.13; -45.54),(-23.69; 1.01; -45.60),(0.00000; 0.00708; 0.00000; 0.99998),(-15.20; 1.40; -50.29),(-0.01201; 0.50295; -0.00699; -0.86420),10:55:35
AtSpawn,11:11:4,InnerGreenhouseGhost,dazzleGhost_repNum_1,11:11:3,1,1.459999,11:11:3,0.8,3.5,False,(0.01; 0.01; 0.01),False,(-23.69; 2.60; -47.97),(-23.61; 2.22; -47.46),(0.00000; 0.99918; 0.00000; 0.04062),(-15.16; 1.40; -50.20),(0.05337; 0.60980; 0.04121; -0.78968),10:55:35
AtCollision,11:11:5,InnerGreenhouseGhost,dazzleGhost_repNum_1,11:11:3,1,1.459999,11:11:3,0.8,3.5,False,(0.01; 0.01; 0.01),True,(-23.59; 2.58; -47.99),(-23.60; 2.48; -48.02),(0.00000; 0.99918; 0.00000; 0.04062),(-15.16; 1.40; -50.20),(0.05425; 0.61043; 0.04196; -0.78909),10:55:35
Type of Record,Time of Record,Name of Ghost,Equipped Camo,First Time on Screen,Number of Times on Screen,Total Screen Time in Seconds,Start Time of Current Sighting,Ghost Movement Speed,Ghost Rotation Speed,Ghost Is Rotating,Ghost ScaleWas Hit,Point of Contact,Ghost Position,Ghost Rotation,Player Position,Player Rotation,Game Start Time
Type of Record,Time of Record,Name of Ghost,Equipped Camo,First Time on Screen,Number of Times on Screen,Total Screen Time in Seconds,Start Time of Current Sighting,Ghost Movement Speed,Ghost Rotation Speed,Ghost Is Rotating,Ghost ScaleWas Hit,Point of Contact,Ghost Position,Ghost Rotation,Player Position,Player Rotation,Game Start Time
AtSpawn,11:15:36,EntranceGhost,EntranceGhost_varyLum_goodMatch_sigma_2_repNum_2,11:15:32,1,3.419997,11:15:32,0.6,3.5,False,(0.01; 0.01; 0.01),False,(-2.00; 4.72; -9.94),(-2.63; 4.31; -10.04),(0.00000; 0.73254; 0.00000; 0.68072),(-1.42; 2.31; -17.02),(0.16270; 0.03982; 0.00657; -0.98585),11:15:8
AtCollision,11:15:36,EntranceGhost,EntranceGhost_varyLum_goodMatch_sigma_2_repNum_2,11:15:32,1,3.419997,11:15:32,0.6,3.5,False,(0.01; 0.01; 0.01),False,(-2.00; 4.72; -9.94),(-2.25; 4.34; -10.04),(0.00000; 0.73254; 0.00000; 0.68072),(-1.42; 2.31; -17.02),(0.16270; 0.03982; 0.00657; -0.98585),11:15:8
AtSpawn,11:15:39,EntranceGhost,EntranceGhost_varyLum_goodMatch_sigma_2_repNum_2,11:15:32,1,7.119994,11:15:32,0.6,3.5,False,(0.01; 0.01; 0.01),False,(-0.25; 4.71; -9.95),(-0.42; 4.47; -10.05),(0.00000; 0.73254; 0.00000; 0.68072),(-1.52; 2.31; -17.01),(0.16035; -0.08769; -0.01430; -0.98305),11:15:8
AtCollision,11:15:40,EntranceGhost,EntranceGhost_varyLum_goodMatch_sigma_2_repNum_2,11:15:32,1,7.119994,11:15:32,0.6,3.5,False,(0.01; 0.01; 0.01),True,(-0.29; 4.63; -10.21),(-0.04; 4.50; -10.05),(0.00000; 0.73254; 0.00000; 0.68072),(-1.54; 2.31; -17.01),(0.15028; -0.11196; -0.01713; -0.98213),11:15:8
Type of Record,Time of Record,Name of Ghost,Equipped Camo,First Time on Screen,Number of Times on Screen,Total Screen Time in Seconds,Start Time of Current Sighting,Ghost Movement Speed,Ghost Rotation Speed,Ghost Is Rotating,Ghost ScaleWas Hit,Point of Contact,Ghost Position,Ghost Rotation,Player Position,Player Rotation,Game Start Time
AtSpawn,0:20:40,BrickWallGhost,BrickWallGhost_varyLum_goodMatch_sigma_30_repNum_3,0:20:37,1,2.819998,0:20:37,0.8,3.5,False,(0.01; 0.01; 0.01),False,(26.11; 1.73; -6.66),(26.08; 1.31; -6.38),(0.00000; -0.99919; 0.00000; 0.04026),(16.77; 1.41; -10.61),(-0.01313; 0.55249; 0.00870; 0.83337),0:20:7
AtCollision,0:20:41,BrickWallGhost,BrickWallGhost_varyLum_goodMatch_sigma_30_repNum_3,0:20:37,1,2.819998,0:20:37,0.8,3.5,False,(0.01; 0.01; 0.01),False,(26.12; 1.73; -6.66),(26.07; 1.25; -7.09),(0.00000; -0.99919; 0.00000; 0.04026),(16.76; 1.41; -10.60),(-0.00583; 0.56848; 0.00403; 0.82266),0:20:7
AtSpawn,0:20:43,BrickWallGhost,BrickWallGhost_varyLum_goodMatch_sigma_30_repNum_3,0:20:37,1,5.859995,0:20:37,0.8,3.5,False,(0.01; 0.01; 0.01),False,(26.13; 1.36; -9.48),(26.05; 1.10; -8.81),(0.00000; -0.99919; 0.00000; 0.04026),(16.74; 1.41; -10.51),(0.00178; 0.66766; -0.00160; 0.74446),0:20:7
AtCollision,0:20:44,BrickWallGhost,BrickWallGhost_varyLum_goodMatch_sigma_30_repNum_3,0:20:37,1,5.859995,0:20:37,0.8,3.5,False,(0.01; 0.01; 0.01),True,(25.90; 1.36; -9.51),(26.04; 1.05; -9.45),(0.00000; -0.99919; 0.00000; 0.04026),(16.74; 1.41; -10.51),(0.00178; 0.66766; -0.00160; 0.74446),0:20:7
Type of Record,Time of Record,Name of Ghost,Equipped Camo,First Time on Screen,Number of Times on Screen,Total Screen Time in Seconds,Start Time of Current Sighting,Ghost Movement Speed,Ghost Rotation Speed,Ghost Is Rotating,Ghost ScaleWas Hit,Point of Contact,Ghost Position,Ghost Rotation,Player Position,Player Rotation,Game Start Time
Type of Record,Time of Record,Name of Ghost,Equipped Camo,First Time on Screen,Number of Times on Screen,Total Screen Time in Seconds,Start Time of Current Sighting,Ghost Movement Speed,Ghost Rotation Speed,Ghost Is Rotating,Ghost ScaleWas Hit,Point of Contact,Ghost Position,Ghost Rotation,Player Position,Player Rotation,Game Start Time
AtSpawn,13:7:54,BrickWallGhost,dazzleGhost_repNum_42,13:7:49,1,4.539997,13:7:49,0.6,3.5,False,(0.01; 0.01; 0.01),True,(26.00; 1.06; -9.23),(26.05; 0.65; -9.11),(0.00000; -0.99917; 0.00000; 0.04073),(16.98; 1.42; -9.40),(0.01403; 0.70033; -0.01377; 0.71355),13:6:19
AtCollision,13:7:55,BrickWallGhost,dazzleGhost_repNum_42,13:7:49,1,4.539997,13:7:49,0.6,3.5,False,(0.01; 0.01; 0.01),False,(26.44; 1.05; -9.21),(26.05; 0.66; -9.61),(0.00000; -0.99917; 0.00000; 0.04073),(17.38; 1.42; -9.00),(-0.00093; 0.98368; -0.17984; -0.00511),13:6:19
AtSpawn,13:7:59,BrickWallGhost,dazzleGhost_repNum_42,13:7:49,2,8.239999,13:7:56,0.6,3.5,False,(0.01; 0.01; 0.01),False,(26.16; 1.14; -12.65),(26.01; 0.69; -12.33),(0.00000; -0.99917; 0.00000; 0.04073),(16.86; 1.42; -12.21),(0.01043; 0.72355; -0.01093; 0.69011),13:6:19
AtCollision,13:8:0,BrickWallGhost,dazzleGhost_repNum_42,13:7:49,2,8.239999,13:7:56,0.6,3.5,False,(0.01; 0.01; 0.01),True,(25.65; 1.15; -12.65),(26.01; 0.70; -12.79),(0.00000; -0.99917; 0.00000; 0.04073),(16.86; 1.42; -12.21),(0.01148; 0.72883; -0.01223; 0.68449),13:6:19
Type of Record,Time of Record,Name of Ghost,Equipped Camo,First Time on Screen,Number of Times on Screen,Total Screen Time in Seconds,Start Time of Current Sighting,Ghost Movement Speed,Ghost Rotation Speed,Ghost Is Rotating,Ghost ScaleWas Hit,Point of Contact,Ghost Position,Ghost Rotation,Player Position,Player Rotation,Game Start Time
AtSpawn,13:14:1,BrickWallGhost,BrickWallGhost_varyLum_goodMatch_sigma_2_repNum_1,13:13:58,1,3.139998,13:13:58,1,3.5,False,(0.01; 0.01; 0.01),False,(26.14; 1.20; -9.93),(26.06; 0.84; -9.18),(0.00000; -0.99924; 0.00000; 0.03900),(15.33; 1.41; -12.33),(0.00745; 0.62565; -0.00597; 0.78005),13:13:39
AtCollision,13:14:2,BrickWallGhost,BrickWallGhost_varyLum_goodMatch_sigma_2_repNum_1,13:13:58,1,3.139998,13:13:58,1,3.5,False,(0.01; 0.01; 0.01),True,(25.87; 1.21; -10.00),(26.05; 0.93; -10.13),(0.00000; -0.99924; 0.00000; 0.03900),(15.33; 1.41; -12.33),(0.00745; 0.62565; -0.00597; 0.78005),13:13:39
AtSpawn,13:14:16,BrickWallGhost,BrickWallGhost_varyLum_goodMatch_sigma_30_repNum_4,13:14:13,1,3.119998,13:14:13,1,3.5,False,(0.01; 0.01; 0.01),True,(25.99; 1.35; -11.26),(26.02; 0.88; -11.37),(0.00000; -0.02880; 0.00000; 0.99959),(17.60; 1.45; -10.62),(0.00397; 0.73349; -0.00429; 0.67967),13:13:39
AtCollision,13:14:17,BrickWallGhost,BrickWallGhost_varyLum_goodMatch_sigma_30_repNum_4,13:14:13,1,3.119998,13:14:13,1,3.5,False,(0.01; 0.01; 0.01),False,(26.47; 1.35; -11.29),(26.03; 0.95; -10.60),(0.00000; -0.02880; 0.00000; 0.99959),(17.60; 1.45; -10.67),(0.00374; 0.68763; -0.00354; 0.72604),13:13:39
Type of Record,Time of Record,Name of Ghost,Equipped Camo,First Time on Screen,Number of Times on Screen,Total Screen Time in Seconds,Start Time of Current Sighting,Ghost Movement Speed,Ghost Rotation Speed,Ghost Is Rotating,Ghost ScaleWas Hit,Point of Contact,Ghost Position,Ghost Rotation,Player Position,Player Rotation,Game Start Time
Type of Record,Time of Record,Name of Ghost,Equipped Camo,First Time on Screen,Number of Times on Screen,Total Screen Time in Seconds,Start Time of Current Sighting,Ghost Movement Speed,Ghost Rotation Speed,Ghost Is Rotating,Ghost ScaleWas Hit,Point of Contact,Ghost Position,Ghost Rotation,Player Position,Player Rotation,Game Start Time
AtSpawn,13:21:55,BrickWallGhost,BrickWallGhost_varyLum_goodMatch_sigma_2_repNum_4,13:21:43,1,12.5601,13:21:43,1,3.5,True,(0.01; 0.01; 0.01),True,(25.96; 1.39; -6.95),(26.08; 0.63; -6.92),(0.00000; -0.70084; 0.00000; 0.71332),(24.77; 1.38; -7.08),(-0.00179; 0.66619; 0.00160; 0.74578),13:21:19
AtCollision,13:21:55,BrickWallGhost,BrickWallGhost_varyLum_goodMatch_sigma_2_repNum_4,13:21:43,1,12.5601,13:21:43,1,3.5,True,(0.01; 0.01; 0.01),True,(26.01; 1.40; -6.92),(26.08; 0.63; -6.92),(0.00000; -0.70084; 0.00000; 0.71332),(24.77; 1.38; -7.08),(-0.00179; 0.66619; 0.00160; 0.74578),13:21:19
Type of Record,Time of Record,Name of Ghost,Equipped Camo,First Time on Screen,Number of Times on Screen,Total Screen Time in Seconds,Start Time of Current Sighting,Ghost Movement Speed,Ghost Rotation Speed,Ghost Is Rotating,Ghost ScaleWas Hit,Point of Contact,Ghost Position,Ghost Rotation,Player Position,Player Rotation,Game Start Time
Type of Record,Time of Record,Name of Ghost,Equipped Camo,First Time on Screen,Number of Times on Screen,Total Screen Time in Seconds,Start Time of Current Sighting,Ghost Movement Speed,Ghost Rotation Speed,Ghost Is Rotating,Ghost ScaleWas Hit,Point of Contact,Ghost Position,Ghost Rotation,Player Position,Player Rotation,Game Start Time
Type of Record,Time of Record,Name of Ghost,Equipped Camo,First Time on Screen,Number of Times on Screen,Total Screen Time in Seconds,Start Time of Current Sighting,Ghost Movement Speed,Ghost Rotation Speed,Ghost Is Rotating,Ghost ScaleWas Hit,Point of Contact,Ghost Position,Ghost Rotation,Player Position,Player Rotation,Game Start Time
AtSpawn,15:47:55,BrickWallGhost,BrickWallGhost_varyLum_goodMatch_sigma_20_repNum_1,15:45:5,3,98.35551,15:45:38,0.8,3.5,True,(0.01; 0.01; 0.01),False,(26.13; 1.23; -9.46),(26.04; 1.22; -10.29),(0.00000; -0.70084; 0.00000; 0.71332),(19.85; 1.36; -8.86),(0.00744; 0.73966; -0.00817; 0.67289),15:44:0
AtCollision,15:47:56,BrickWallGhost,BrickWallGhost_varyLum_goodMatch_sigma_20_repNum_1,15:45:5,3,98.35551,15:45:38,0.8,3.5,True,(0.01; 0.01; 0.01),False,(26.12; 1.23; -9.46),(26.04; 1.22; -10.29),(0.00000; -0.70084; 0.00000; 0.71332),(19.85; 1.36; -8.82),(-0.00875; 0.77773; 0.01083; 0.62845),15:44:0
Type of Record,Time of Record,Name of Ghost,Equipped Camo,First Time on Screen,Number of Times on Screen,Total Screen Time in Seconds,Start Time of Current Sighting,Ghost Movement Speed,Ghost Rotation Speed,Ghost Is Rotating,Ghost ScaleWas Hit,Point of Contact,Ghost Position,Ghost Rotation,Player Position,Player Rotation,Game Start Time
Type of Record,Time of Record,Name of Ghost,Equipped Camo,First Time on Screen,Number of Times on Screen,Total Screen Time in Seconds,Start Time of Current Sighting,Ghost Movement Speed,Ghost Rotation Speed,Ghost Is Rotating,Ghost ScaleWas Hit,Point of Contact,Ghost Position,Ghost Rotation,Player Position,Player Rotation,Game Start Time
Type of Record,Time of Record,Name of Ghost,Equipped Camo,First Time on Screen,Number of Times on Screen,Total Screen Time in Seconds,Start Time of Current Sighting,Ghost Movement Speed,Ghost Rotation Speed,Ghost Is Rotating,Ghost ScaleWas Hit,Point of Contact,Ghost Position,Ghost Rotation,Player Position,Player Rotation,Game Start Time
Type of Record,Time of Record,Name of Ghost,Equipped Camo,First Time on Screen,Number of Times on Screen,Total Screen Time in Seconds,Start Time of Current Sighting,Ghost Movement Speed,Ghost Rotation Speed,Ghost Is Rotating,Ghost ScaleWas Hit,Point of Contact,Ghost Position,Ghost Rotation,Player Position,Player Rotation,Game Start Time
Type of Record,Time of Record,Name of Ghost,Equipped Camo,First Time on Screen,Number of Times on Screen,Total Screen Time in Seconds,Start Time of Current Sighting,Ghost Movement Speed,Ghost Rotation Speed,Ghost Is Rotating,Ghost ScaleWas Hit,Point of Contact,Ghost Position,Ghost Rotation,Player Position,Player Rotation,Game Start Time
